MSE,RMSE,MAE,R2,MAPE,MMRE,MdMRE,PRED(25),Bootstrap_MSE_Mean,Bootstrap_MSE_Std,Bootstrap_MAE_Mean,Bootstrap_MAE_Std,Bootstrap_R2_Mean,Bootstrap_R2_Std,Bootstrap_MAPE_Mean,Bootstrap_MAPE_Std,Bootstrap_MMRE_Mean,Bootstrap_MMRE_Std,Bootstrap_MdMRE_Mean,Bootstrap_MdMRE_Std,Bootstrap_PRED25_Mean,Bootstrap_PRED25_Std
0.25796214676057455,0.5078997408549984,0.3331107891519051,0.7685660072737,37.09101848839343,0.3709101848839343,0.20793010254336514,63.63636363636363,0.2511439419585837,0.1338426119497267,0.3276139821552158,0.11196166676511882,0.7245846864057964,0.17307714947643782,37.107619514423014,11.451900362047887,0.3710761951442302,0.11451900362047886,0.23154511188287558,0.17087234905993853,62.98181818181818,14.22027420084112
