MSE,RMSE,MAE,R2 NRC,MAPE,MMRE,MdMRE,PRED(25),Bootstrap_MSE_Mean,Bootstrap_MSE_Std,Bootstrap_MAE_Mean,Bootstrap_MAE_Std,Bootstrap_R2_Mean,Bootstrap_R2_Std,Bootstrap_MAPE_Mean,Bootstrap_MAPE_Std,Bootstrap_MMRE_Mean,Bootstrap_MMRE_Std,Bootstrap_MdMRE_Mean,Bootstrap_MdMRE_Std,Bootstrap_PRED25_Mean,Bootstrap_PRED25_Std
0.028313845884696345,0.1682671860010036,0.13255513837837693,0.9689377347874218,24.03074223879545,0.24030742238795452,0.1180413656304215,73.33333333333333,0.028744525296375584,0.010256090136189564,0.13393187554702007,0.026969441756213602,0.9621283537316314,0.020504561146008696,24.416910874005648,6.42401339198158,0.24416910874005646,0.0642401339198158,0.13311273672461332,0.05663923116100871,72.54666666666665,11.219181986421491
