MSE,RMSE,MAE,R2,MAPE,MMRE,MdMRE,PRED(25),Bootstrap_MSE_Mean,Bootstrap_MSE_Std,Bootstrap_MAE_Mean,Bootstrap_MAE_Std,Bootstrap_R2_Mean,Bootstrap_R2_Std,Bootstrap_MAPE_Mean,Bootstrap_MAPE_Std,Bootstrap_MMRE_Mean,Bootstrap_MMRE_Std,Bootstrap_MdMRE_Mean,Bootstrap_MdMRE_Std,Bootstrap_PRED25_Mean,Bootstrap_PRED25_Std
19.717109480993965,4.440395194235977,3.6546017567705107,-16.68945339272325,404.56053000101247,4.045605300010124,4.656288223142168,0.0,19.565288952039285,7.398127123907838,3.6459391974703896,0.7527078120368118,-20.741846113343488,28.32402694834208,407.89777642045965,62.19927331268552,4.078977764204597,0.6219927331268552,4.043473889503054,1.1433110983592218,0.0,0.0
