MSE,RMSE,MAE,R2,MAPE,MMRE,MdMRE,PRED(25),Bootstrap_MSE_Mean,Bootstrap_MSE_Std,Bootstrap_MAE_Mean,Bootstrap_MAE_Std,Bootstrap_R2_Mean,Bootstrap_R2_Std,Bootstrap_MAPE_Mean,Bootstrap_MAPE_Std,Bootstrap_MMRE_Mean,Bootstrap_MMRE_Std,Bootstrap_MdMRE_Mean,Bootstrap_MdMRE_Std,Bootstrap_PRED25_Mean,Bootstrap_PRED25_Std
0.3593953545591266,0.599495917049588,0.494158886429727,0.6775639258805584,64.64846233072002,0.6464846233072002,0.5757814383202743,27.27272727272727,0.3517535276577273,0.12101308793746866,0.4875185002824404,0.10323004554572286,0.5431736483366283,0.8945460282056052,64.85823651168239,15.231014645500787,0.6485823651168239,0.1523101464550079,0.5744595092862862,0.22623744952475772,27.490909090909092,13.676981929897538
