MSE,RMSE,MAE,R2,MAPE,MMRE,MdMRE,PRED(25),Bootstrap_MSE_Mean,Bootstrap_MSE_Std,Bootstrap_MAE_Mean,Bootstrap_MAE_Std,Bootstrap_R2_Mean,Bootstrap_R2_Std,Bootstrap_MAPE_Mean,Bootstrap_MAPE_Std,Bootstrap_MMRE_Mean,Bootstrap_MMRE_Std,Bootstrap_MdMRE_Mean,Bootstrap_MdMRE_Std,Bootstrap_PRED25_Mean,Bootstrap_PRED25_Std
0.21728208717940908,0.4661352670410265,0.29191698708433494,0.805062635680003,30.206620150786208,0.30206620150786206,0.23478854287370132,54.54545454545454,0.21359384839482007,0.12239647483349611,0.28766235103851784,0.1135743320493268,0.763746950042886,0.1544394404221631,29.843179790481955,9.514757878258756,0.2984317979048195,0.09514757878258756,0.21840242873479948,0.09538560086280583,55.236363636363635,15.22889814934013
