mae,mse,rmse,r2,mmre,mdmre,pred25
0.08787915217882367,0.014527403643615768,0.12052967951345332,0.98974881937185,3.2531251118137128,0.04228949695369779,88.23529411764706
