mae,mse,rmse,r2,mmre,mdmre,pred25
0.06335838410197348,0.005768771716488541,0.07595243061606746,0.9959292987020241,0.5409447611758091,0.052009568981793194,88.23529411764706
