mae,mse,rmse,r2,mmre,mdmre,pred25
0.10379191283404593,0.018519763133308387,0.13608733641786214,0.9869316333649524,3.4108419968946992,0.06117969834145186,88.23529411764706
