mae,mse,rmse,r2,mmre,mdmre,pred25
0.3196337852680016,0.16063048932070126,0.4007873367768763,0.8866519991589636,2.4827205219823765,0.3384122741259247,29.411764705882355
