mae,mse,rmse,r2,mmre,mdmre,pred25
0.3087493457224651,0.20340406212033987,0.45100339479912993,0.8564690682211896,2.021475736992657,0.3394850211667266,41.17647058823529
