mae,mse,rmse,r2,mmre,mdmre,pred25
85.90028276231554,23312.38963204178,152.68395342026542,0.14971660502989392,0.26427870459580094,0.24481868630444867,66.66666666666666
