mae,mse,rmse,r2,mmre,mdmre,pred25
209.49709284060535,69948.85717551758,264.47846259292567,-1.5512764968431512,0.9817522460578909,0.9858262479856941,0.0
