mae,mse,rmse,r2,mmre,mdmre,pred25
305.81110992431627,111851.51612219412,334.44209681526957,-6.628049582828896,0.7316594356601774,0.7302378954499004,0.0
