mae,mse,rmse,r2,mmre,mdmre,pred25
96.42652670966255,26049.850667831466,161.39966130023777,0.04987194303477882,0.37013307547272495,0.14913390779279684,55.55555555555556
