MSE,RMSE,MAE,R2,MAPE,MMRE,MdMRE,PRED(25),Bootstrap_MSE_Mean,Bootstrap_MSE_Std,Bootstrap_MAE_Mean,Bootstrap_MAE_Std,Bootstrap_R2_Mean,Bootstrap_R2_Std,Bootstrap_MAPE_Mean,Bootstrap_MAPE_Std,Bootstrap_MMRE_Mean,Bootstrap_MMRE_Std,Bootstrap_MdMRE_Mean,Bootstrap_MdMRE_Std,Bootstrap_PRED25_Mean,Bootstrap_PRED25_Std
0.01955180967910728,0.13982778579061916,0.08870855213090152,0.9808438557949724,46.224078002672066,0.46224078002672064,0.15162263585258157,69.32515337423312,0.01971175525765711,0.00296585763873582,0.08884673174096902,0.0052837455695305,0.9805821673493674,0.0026131098979724167,46.60815791710054,10.643494203748853,0.46608157917100546,0.10643494203748853,0.1488183294100005,0.01567541948593747,69.04521336842976,3.661898166726588
