MSE,RMSE,MAE,R2,MAPE,MMRE,MdMRE,PRED(25),Bootstrap_MSE_Mean,Bootstrap_MSE_Std,Bootstrap_MAE_Mean,Bootstrap_MAE_Std,Bootstrap_R2_Mean,Bootstrap_R2_Std,Bootstrap_MAPE_Mean,Bootstrap_MAPE_Std,Bootstrap_MMRE_Mean,Bootstrap_MMRE_Std,Bootstrap_MdMRE_Mean,Bootstrap_MdMRE_Std,Bootstrap_PRED25_Mean,Bootstrap_PRED25_Std
0.006653884595803492,0.08157134665924973,0.05664873585680224,0.9937049243946844,18.1070345170799,0.181070345170799,0.0913805986066373,79.74683544303798,0.006710260282140384,0.0010560516664517134,0.05694683608315799,0.0040062206697602225,0.99361681547922,0.0009085774273038466,17.96474753757137,3.3736052557416465,0.17964747537571366,0.03373605255741647,0.0927125312627681,0.019030373518638857,79.61272689431114,4.578528684296921
