MSE,RMSE,MAE,R2,MAPE,MMRE,MdMRE,PRED(25),Bootstrap_MSE_Mean,Bootstrap_MSE_Std,Bootstrap_MAE_Mean,Bootstrap_MAE_Std,Bootstrap_R2_Mean,Bootstrap_R2_Std,Bootstrap_MAPE_Mean,Bootstrap_MAPE_Std,Bootstrap_MMRE_Mean,Bootstrap_MMRE_Std,Bootstrap_MdMRE_Mean,Bootstrap_MdMRE_Std,Bootstrap_PRED25_Mean,Bootstrap_PRED25_Std
0.014326653296476767,0.1196939985817032,0.08806469401934859,0.9864459077439749,31.90382891986236,0.3190382891986236,0.10480203722322821,78.48101265822784,0.014300923735220862,0.0018972436124925851,0.08798522717178474,0.005261210603087052,0.9863584582807573,0.0018247392009508336,31.316106471320783,9.306543018978491,0.3131610647132078,0.09306543018978491,0.10811868994463138,0.013230382792374866,78.42542836547175,4.4038934337105
