MSE,RMSE,MAE,R2,MAPE,MMRE,MdMRE,PRED(25),Bootstrap_MSE_Mean,Bootstrap_MSE_Std,Bootstrap_MAE_Mean,Bootstrap_MAE_Std,Bootstrap_R2_Mean,Bootstrap_R2_Std,Bootstrap_MAPE_Mean,Bootstrap_MAPE_Std,Bootstrap_MMRE_Mean,Bootstrap_MMRE_Std,Bootstrap_MdMRE_Mean,Bootstrap_MdMRE_Std,Bootstrap_PRED25_Mean,Bootstrap_PRED25_Std
0.12436001098099608,0.3526471479836411,0.2766363411517383,0.8337653549624362,60.69038366801912,0.6069038366801912,0.3195060839061657,37.03703703703704,0.12567920232293225,0.04584582862558596,0.2768681892292365,0.04448325855170609,0.8249400372608227,0.06385446801562066,59.57647650578145,12.99696820689053,0.5957647650578145,0.1299696820689053,0.3822564092648309,0.13009869888881703,38.25925925925926,8.741917685984708
