MSE,RMSE,MAE,R2,MAPE,MMRE,MdMRE,PRED(25),Bootstrap_MSE_Mean,Bootstrap_MSE_Std,Bootstrap_MAE_Mean,Bootstrap_MAE_Std,Bootstrap_R2_Mean,Bootstrap_R2_Std,Bootstrap_MAPE_Mean,Bootstrap_MAPE_Std,Bootstrap_MMRE_Mean,Bootstrap_MMRE_Std,Bootstrap_MdMRE_Mean,Bootstrap_MdMRE_Std,Bootstrap_PRED25_Mean,Bootstrap_PRED25_Std
0.05169199541199438,0.22735873726776892,0.12661035487914715,0.9635238343342425,55.42399450512251,0.5542399450512251,0.0968049580626352,64.70588235294117,0.0527122157396835,0.026187538088269128,0.1272420173839693,0.029489355674094553,0.9622552567681006,0.016914166239064644,56.05178888348661,32.004543751157726,0.5605178888348661,0.32004543751157727,0.1296295730397423,0.09601179942104994,64.25219627545943,11.667866021809141
