MSE,RMSE,MAE,R2,MAPE,MMRE,MdMRE,PRED(25),Bootstrap_MSE_Mean,Bootstrap_MSE_Std,Bootstrap_MAE_Mean,Bootstrap_MAE_Std,Bootstrap_R2_Mean,Bootstrap_R2_Std,Bootstrap_MAPE_Mean,Bootstrap_MAPE_Std,Bootstrap_MMRE_Mean,Bootstrap_MMRE_Std,Bootstrap_MdMRE_Mean,Bootstrap_MdMRE_Std,Bootstrap_PRED25_Mean,Bootstrap_PRED25_Std
0.00847371285203441,0.09205277210401873,0.06457739727525891,0.994020572211783,31.71310495518292,0.3171310495518292,0.029358282730399282,88.23529411764706,0.008631930294210406,0.0029262846544372226,0.06526458882611602,0.010653168469960837,0.9936842031709369,0.002055555015030283,32.11866509526928,23.386463675273028,0.32118665095269283,0.23386463675273025,0.03942311274596078,0.016458586518020683,88.11825173419929,7.850754070824378
