MSE,RMSE,MAE,R2,MAPE,MMRE,MdMRE,PRED(25),Bootstrap_MSE_Mean,Bootstrap_MSE_Std,Bootstrap_MAE_Mean,Bootstrap_MAE_Std,Bootstrap_R2_Mean,Bootstrap_R2_Std,Bootstrap_MAPE_Mean,Bootstrap_MAPE_Std,Bootstrap_MMRE_Mean,Bootstrap_MMRE_Std,Bootstrap_MdMRE_Mean,Bootstrap_MdMRE_Std,Bootstrap_PRED25_Mean,Bootstrap_PRED25_Std
0.01151435483747353,0.10730496184927112,0.07756901422635859,0.9918749603059713,81.82326514556179,0.8182326514556179,0.06482117588391231,82.35294117647058,0.011641683425494972,0.0041219071625859995,0.07783059822008201,0.011725174904369532,0.9915411966965062,0.002723676410949654,82.8810560617678,67.53059687419335,0.828810560617678,0.6753059687419335,0.07098901275272147,0.03758792367388451,82.21218325023862,9.355262326204752
