MSE,RMSE,MAE,R2,MAPE,MMRE,MdMRE,PRED(25),Bootstrap_MSE_Mean,Bootstrap_MSE_Std,Bootstrap_MAE_Mean,Bootstrap_MAE_Std,Bootstrap_R2_Mean,Bootstrap_R2_Std,Bootstrap_MAPE_Mean,Bootstrap_MAPE_Std,Bootstrap_MMRE_Mean,Bootstrap_MMRE_Std,Bootstrap_MdMRE_Mean,Bootstrap_MdMRE_Std,Bootstrap_PRED25_Mean,Bootstrap_PRED25_Std
0.01151435483747353,0.10730496184927112,0.07756901422635859,0.9918749603059713,81.82326514556179,0.8182326514556179,0.06482117588391231,82.35294117647058,0.011580339193106576,0.003987305426362245,0.07767838302804274,0.011797613235664806,0.9915635586796397,0.0026129904189360112,82.30436396814241,67.8824699427372,0.8230436396814241,0.678824699427372,0.07154111814898735,0.036346898762446025,82.34615213914178,9.357042525528698
